id_investidor,idade,saldo_investido,tempo_banco_meses,tolerancia_risco,renda_mensal,objetivo_principal
1,28,510826.85,164,2,41287.36,educacao
2,22,817675.6,318,2,37440.84,viagem
3,48,442927.76,115,5,22875.22,casa_propria
4,20,947174.43,338,4,19274.79,reserva_emergencia
5,34,356757.8,126,2,20932.65,aposentadoria
6,74,270576.08,195,3,39432.06,casa_propria
7,34,619879.77,13,3,30670.49,casa_propria
8,25,241549.53,149,5,39699.64,casa_propria
9,20,446215.02,52,2,30503.65,casa_propria
10,73,718535.63,211,3,11918.15,educacao
11,51,757775.07,238,1,5068.21,reserva_emergencia
12,35,808613.76,30,4,21165.08,educacao
13,32,519950.04,342,5,8012.22,casa_propria
14,30,759552.88,194,5,47673.01,reserva_emergencia
15,62,948503.61,4,4,33588.46,educacao
16,38,349752.11,353,5,14577.25,reserva_emergencia
17,35,487037.09,203,3,27048.8,aposentadoria
18,33,850263.71,64,5,45874.93,reserva_emergencia
19,28,73330.9,184,2,21611.74,educacao
20,42,36115.07,2,5,30917.47,reserva_emergencia
21,66,59300.19,354,5,3153.35,casa_propria
22,34,457687.97,26,1,30663.2,viagem
23,48,402169.81,237,4,37831.44,casa_propria
24,46,366390.11,210,3,42223.82,viagem
25,48,589376.03,349,3,7438.05,reserva_emergencia
26,63,801618.17,103,4,18733.48,casa_propria
27,57,488940.49,315,1,25401.49,educacao
28,62,280181.55,130,1,29322.07,viagem
29,68,582190.02,315,4,22660.85,casa_propria
30,36,163543.2,298,3,12121.99,casa_propria
31,71,754281.34,297,4,26268.81,casa_propria
32,35,685033.94,146,3,48894.53,educacao
33,65,531084.92,317,4,25216.13,reserva_emergencia
34,50,963296.68,29,1,17846.91,casa_propria
35,62,769924.1,228,1,34162.82,viagem
36,38,886807.64,194,1,21004.64,reserva_emergencia
37,51,572030.0,44,1,32704.68,educacao
38,36,877527.05,349,3,46052.08,viagem
39,44,461010.38,142,1,3531.04,reserva_emergencia
40,27,388886.75,247,5,47463.25,viagem
41,47,544676.5,40,4,40520.22,reserva_emergencia
42,73,481580.05,327,5,21244.19,casa_propria
43,71,211584.34,196,4,40963.84,reserva_emergencia
44,31,264610.9,212,5,12572.49,reserva_emergencia
45,54,788411.39,234,1,31347.73,aposentadoria
46,75,317075.02,196,5,41580.88,reserva_emergencia
47,42,349693.46,136,3,16445.59,casa_propria
48,60,467575.86,190,1,8022.59,viagem
49,73,861018.57,32,1,15277.28,aposentadoria
50,46,390995.85,354,3,40030.46,reserva_emergencia
51,43,493203.7,137,2,7142.79,casa_propria
52,65,63286.39,290,3,38189.95,reserva_emergencia
53,61,952217.9,251,1,42339.46,viagem
54,72,469345.14,79,4,13458.32,casa_propria
55,45,465657.66,85,5,27938.93,educacao
56,50,508367.79,36,1,14324.37,casa_propria
57,68,465667.23,29,4,48136.89,reserva_emergencia
58,40,838990.69,86,2,24678.07,casa_propria
59,73,218695.66,270,1,48154.68,casa_propria
60,30,158068.81,275,5,45082.9,aposentadoria
61,54,434549.31,219,2,30647.59,reserva_emergencia
62,59,448607.48,238,3,29962.91,casa_propria
63,27,834167.64,318,2,27955.18,casa_propria
64,32,768216.95,283,2,48815.39,reserva_emergencia
65,47,821688.71,275,1,21490.04,viagem
66,60,680014.66,39,3,37925.37,casa_propria
67,25,352720.25,331,3,8334.93,aposentadoria
68,58,931548.07,121,2,45772.42,viagem
69,39,565785.77,244,1,27769.77,aposentadoria
70,61,425846.93,255,1,42908.88,casa_propria
71,57,638507.32,261,2,9953.38,casa_propria
72,28,854637.01,18,5,14531.92,casa_propria
73,43,430258.85,57,5,14954.26,reserva_emergencia
74,30,22560.46,194,3,4999.79,reserva_emergencia
75,20,959527.54,243,5,41740.07,educacao
76,42,866573.39,332,4,31677.01,educacao
77,46,639251.54,41,5,12998.17,aposentadoria
78,27,64264.96,121,4,2233.91,educacao
79,26,591951.49,146,2,27257.83,aposentadoria
80,52,680692.7,249,1,7440.34,aposentadoria
81,71,669885.4,163,4,23886.21,reserva_emergencia
82,74,753661.07,129,4,27196.81,reserva_emergencia
83,21,275177.12,183,5,19832.14,viagem
84,27,563590.41,303,2,39203.62,viagem
85,52,856007.84,289,1,48207.01,casa_propria
86,30,349637.56,18,4,20217.23,educacao
87,53,653127.59,54,2,6496.96,reserva_emergencia
88,73,182384.17,108,1,19952.04,casa_propria
89,75,420131.08,193,5,38839.15,casa_propria
90,63,997659.52,239,5,30591.44,educacao
91,22,36678.98,145,4,39963.93,aposentadoria
92,71,657965.49,281,3,7695.25,viagem
93,34,455891.49,167,1,14409.32,educacao
94,48,147363.45,220,3,35432.53,aposentadoria
95,64,974693.97,49,5,32516.05,casa_propria
96,42,382903.11,354,5,13096.73,casa_propria
97,66,31453.93,49,3,41597.12,aposentadoria
98,31,312025.4,270,1,29664.86,viagem
99,45,754895.62,118,4,31649.26,viagem
100,45,603934.61,119,1,6799.98,viagem
101,62,169536.05,327,4,17895.88,educacao
102,39,770349.67,199,5,45681.94,casa_propria
103,57,122646.79,137,2,10305.08,aposentadoria
104,20,312736.03,127,5,3733.7,aposentadoria
105,27,543957.65,198,5,44141.18,educacao
106,74,881981.78,164,3,42657.94,educacao
107,65,364272.27,225,2,29371.6,reserva_emergencia
108,35,129013.55,6,2,28146.28,viagem
109,53,460437.94,22,4,27854.02,educacao
110,43,77417.4,153,1,7521.07,viagem
111,28,877725.74,342,4,22564.09,aposentadoria
112,51,891124.65,149,5,25525.91,viagem
113,69,892562.9,288,1,8457.58,aposentadoria
114,33,227010.66,15,5,47812.65,reserva_emergencia
115,21,357924.43,148,4,14733.15,aposentadoria
116,26,280714.74,103,5,12329.21,educacao
117,36,718104.83,9,5,32819.43,viagem
118,68,46977.63,343,3,18344.67,educacao
119,29,825429.34,262,1,35660.76,reserva_emergencia
120,35,987927.61,118,2,32033.06,reserva_emergencia
121,27,224031.2,122,4,34302.04,viagem
122,71,645854.23,75,3,28343.43,viagem
123,72,873556.79,10,2,28627.37,casa_propria
124,26,88854.83,263,4,12603.04,educacao
125,28,631381.83,283,4,12760.89,aposentadoria
126,70,947398.6,34,5,24226.15,reserva_emergencia
127,61,732661.62,72,4,15466.75,educacao
128,74,555311.84,169,3,29780.73,aposentadoria
129,62,325903.92,308,1,41595.15,reserva_emergencia
130,22,848048.32,189,2,41682.0,viagem
131,54,400268.57,163,1,31661.36,reserva_emergencia
132,25,915248.86,108,5,17462.62,reserva_emergencia
133,60,75836.18,337,1,23217.31,educacao
134,26,610074.4,75,1,48418.44,aposentadoria
135,44,134667.19,230,4,19011.15,casa_propria
136,31,589717.65,63,4,25576.02,educacao
137,49,865353.17,116,2,27830.02,educacao
138,66,189153.13,96,3,9284.67,reserva_emergencia
139,38,541452.81,59,3,29017.78,viagem
140,34,409055.76,149,5,10209.53,aposentadoria
141,35,551396.73,245,3,4459.6,casa_propria
142,51,830722.15,225,3,6520.27,educacao
143,32,430594.96,16,2,19077.96,reserva_emergencia
144,56,466994.56,175,5,41888.44,viagem
145,54,914830.81,356,3,3996.44,educacao
146,52,670155.78,335,1,29359.39,aposentadoria
147,27,44660.14,359,5,20034.12,reserva_emergencia
148,26,573912.04,344,1,10416.12,reserva_emergencia
149,54,749407.36,358,2,43089.69,viagem
150,62,749669.55,112,3,14705.14,educacao
151,30,838225.41,316,3,42084.43,reserva_emergencia
152,54,272324.95,76,2,48856.11,educacao
153,62,86333.67,306,4,36183.31,viagem
154,22,177410.75,342,2,17888.43,aposentadoria
155,56,830051.1,234,4,11228.72,viagem
156,33,578561.83,203,3,8567.04,casa_propria
157,27,770045.61,214,5,46125.29,reserva_emergencia
158,34,24337.52,107,1,34170.28,aposentadoria
159,47,491804.36,182,1,8687.23,casa_propria
160,67,924355.27,312,1,38672.18,educacao
161,36,197083.0,282,5,21914.56,reserva_emergencia
162,28,129254.03,108,2,47016.92,casa_propria
163,61,765071.38,316,3,36098.47,educacao
164,55,929219.61,47,3,35079.17,aposentadoria
165,54,315676.26,131,4,2426.46,casa_propria
166,42,960886.21,264,3,45134.31,casa_propria
167,35,175301.28,355,5,21678.41,casa_propria
168,60,789585.7,65,3,34538.15,reserva_emergencia
169,45,311789.81,318,1,30884.41,educacao
170,71,862769.11,103,5,5091.39,educacao
171,55,227184.89,51,1,40982.8,reserva_emergencia
172,28,767534.5,248,4,11195.46,aposentadoria
173,38,785011.71,196,4,39904.33,educacao
174,40,73571.11,116,5,9452.74,viagem
175,67,454372.77,142,5,3343.54,casa_propria
176,41,14752.66,297,5,31454.8,educacao
177,69,180729.17,212,4,34455.6,aposentadoria
178,36,822756.83,173,1,12832.95,aposentadoria
179,37,910595.29,327,3,33920.65,casa_propria
180,29,663700.59,141,1,40341.46,educacao
181,20,846650.9,162,5,5009.33,casa_propria
182,54,139786.3,299,5,20556.19,educacao
183,70,358488.22,41,4,22332.91,reserva_emergencia
184,72,80674.63,350,3,14250.8,casa_propria
185,27,997051.65,141,4,38914.25,educacao
186,47,578667.06,192,5,44169.02,viagem
187,33,335500.87,214,4,45594.79,casa_propria
188,55,565719.69,131,1,5935.35,casa_propria
189,60,83125.33,317,5,43953.95,casa_propria
190,31,492682.81,104,1,8672.26,aposentadoria
191,23,197364.73,175,3,30502.71,aposentadoria
192,66,43943.65,182,2,10564.74,aposentadoria
193,35,904335.96,21,4,3738.63,aposentadoria
194,38,971230.89,2,5,5407.73,casa_propria
195,49,180768.29,117,1,26641.85,educacao
196,22,194060.96,135,3,49264.65,educacao
197,60,434032.06,343,4,41905.06,casa_propria
198,27,712809.67,278,2,20243.6,reserva_emergencia
199,30,857593.23,122,1,33435.99,reserva_emergencia
200,37,96905.87,35,1,11432.42,aposentadoria
201,67,520571.99,321,5,39826.9,educacao
202,35,503233.85,286,1,24026.33,casa_propria
203,21,198051.46,99,5,43473.83,reserva_emergencia
204,64,377269.09,154,2,15415.14,aposentadoria
205,74,801267.63,318,5,14980.46,reserva_emergencia
206,38,948708.51,68,2,11634.8,aposentadoria
207,64,536907.19,226,1,21704.91,casa_propria
208,38,344280.74,53,4,10504.59,educacao
209,60,875057.3,4,5,49405.88,educacao
210,25,31681.71,204,5,26933.51,educacao
211,31,305195.74,140,4,35228.39,viagem
212,24,341956.87,20,5,22884.19,educacao
213,23,768693.69,304,5,20849.2,viagem
214,40,439391.87,104,2,10100.74,educacao
215,64,522095.6,32,2,43512.84,casa_propria
216,68,118659.61,43,4,6357.94,casa_propria
217,36,159958.95,270,1,2243.68,aposentadoria
218,22,872247.71,172,3,11251.35,viagem
219,70,251312.18,43,2,22010.76,aposentadoria
220,39,764149.11,52,4,36167.28,viagem
221,67,869766.48,68,3,42782.03,aposentadoria
222,38,607275.92,217,2,4247.11,aposentadoria
223,53,414643.31,139,4,41468.33,casa_propria
224,24,96771.18,265,2,31977.99,viagem
225,42,113761.71,17,4,11509.82,casa_propria
226,65,708482.22,53,3,27402.58,aposentadoria
227,73,428858.91,10,5,29280.84,aposentadoria
228,41,300464.76,173,1,46286.82,educacao
229,24,616874.7,228,2,9139.01,casa_propria
230,57,237272.99,171,2,15682.47,reserva_emergencia
231,75,230411.05,168,5,3279.96,educacao
232,21,434981.45,167,1,4185.64,viagem
233,32,792381.85,22,4,14613.0,casa_propria
234,37,922974.87,316,3,28627.09,educacao
235,36,454311.49,133,4,19385.23,casa_propria
236,57,727449.58,280,2,17783.29,viagem
237,59,425387.62,215,3,5609.91,reserva_emergencia
238,24,468224.69,355,3,34106.48,aposentadoria
239,58,557545.56,47,3,44876.15,educacao
240,53,153367.91,243,1,38930.7,viagem
241,42,216170.99,206,3,43324.22,viagem
242,68,807067.18,77,4,19409.64,educacao
243,39,591822.16,274,2,41308.81,viagem
244,72,938920.64,153,4,28470.12,viagem
245,65,311854.47,203,2,22718.78,reserva_emergencia
246,52,574614.97,278,4,7951.02,reserva_emergencia
247,22,65874.55,288,4,33422.4,aposentadoria
248,74,698976.02,333,4,35970.55,viagem
249,62,663286.96,87,1,36311.45,aposentadoria
250,24,743394.06,1,1,45340.38,viagem
251,63,606747.56,294,2,7964.42,aposentadoria
252,54,90882.06,251,4,19768.82,reserva_emergencia
253,52,499961.68,62,5,44987.14,viagem
254,62,293775.01,193,3,30289.07,reserva_emergencia
255,54,676403.59,34,5,22600.79,educacao
256,72,998930.35,112,1,31497.37,aposentadoria
257,24,207438.15,179,5,22865.45,viagem
258,52,163205.83,79,4,14265.03,aposentadoria
259,34,377850.36,69,4,37112.07,educacao
260,46,65990.18,359,5,44135.75,casa_propria
261,75,413805.65,100,2,10199.14,aposentadoria
262,27,529426.29,197,5,43424.63,aposentadoria
263,74,710359.43,287,2,46347.01,educacao
264,44,101027.06,209,1,17609.68,reserva_emergencia
265,27,849944.57,163,1,38312.22,viagem
266,39,980072.74,298,5,13055.53,casa_propria
267,41,862905.17,284,4,41436.4,educacao
268,55,487351.47,18,2,40491.37,viagem
269,26,181410.35,186,2,5984.55,casa_propria
270,45,342682.57,185,5,38771.8,casa_propria
271,49,219424.89,3,5,32415.13,educacao
272,57,830050.9,337,3,38517.08,viagem
273,65,611920.16,70,4,17951.17,casa_propria
274,58,740502.19,299,5,32667.31,casa_propria
275,34,914767.16,10,5,23178.31,aposentadoria
276,20,436064.4,45,3,48182.24,viagem
277,31,511206.5,201,3,20128.42,reserva_emergencia
278,43,493726.29,178,5,7792.45,aposentadoria
279,28,69423.64,190,3,16854.04,reserva_emergencia
280,44,49337.25,150,1,42005.02,educacao
281,39,513652.51,234,5,16068.61,educacao
282,24,173939.41,168,2,3108.67,reserva_emergencia
283,20,718619.3,126,5,30751.68,aposentadoria
284,26,25887.28,330,2,35329.78,educacao
285,43,564272.57,317,1,39530.91,educacao
286,30,787279.92,285,3,32198.47,educacao
287,23,242516.02,104,1,17933.16,reserva_emergencia
288,73,533951.78,243,1,24549.92,educacao
289,27,765487.15,204,5,11676.76,viagem
290,57,65634.25,324,3,20830.81,casa_propria
291,43,719560.71,25,2,17172.46,educacao
292,45,572711.15,189,4,31176.55,educacao
293,21,56765.73,215,4,3861.11,casa_propria
294,69,743710.15,260,2,10780.56,reserva_emergencia
295,46,499266.87,80,1,42134.66,casa_propria
296,69,920848.95,94,1,32991.07,reserva_emergencia
297,67,529701.15,98,3,41945.03,reserva_emergencia
298,38,550702.66,182,1,41142.59,reserva_emergencia
299,28,416833.4,151,5,8294.91,casa_propria
300,28,682329.5,171,2,13198.16,casa_propria
301,59,460715.61,207,2,48181.52,educacao
302,33,539719.16,231,5,31380.14,educacao
303,21,785989.26,341,3,11558.09,aposentadoria
304,27,683636.56,329,4,12925.78,educacao
305,41,698298.33,48,4,49102.64,viagem
306,25,241350.84,232,2,18514.85,reserva_emergencia
307,27,681972.0,103,1,40930.85,casa_propria
308,41,419504.02,144,3,22358.32,educacao
309,28,891579.68,39,5,11341.53,reserva_emergencia
310,72,309829.08,104,3,17056.47,aposentadoria
311,68,678520.39,290,4,22874.88,educacao
312,38,753639.86,21,4,45205.61,educacao
313,51,950268.44,251,3,34184.31,aposentadoria
314,33,333569.1,165,2,8095.06,educacao
315,43,145522.6,151,4,22455.2,aposentadoria
316,75,934572.39,186,1,18648.97,aposentadoria
317,53,919163.89,149,4,13559.25,reserva_emergencia
318,49,606639.17,121,1,13095.74,viagem
319,64,986519.94,147,3,37565.47,aposentadoria
320,20,641082.82,307,4,30494.47,aposentadoria
321,64,572936.93,298,4,48499.46,casa_propria
322,39,296997.86,246,2,31456.17,reserva_emergencia
323,75,844680.74,324,2,4108.44,educacao
324,48,577614.89,347,2,26985.28,casa_propria
325,26,127682.95,273,2,47448.73,viagem
326,52,934227.63,293,2,7920.6,aposentadoria
327,23,155319.95,179,1,12985.33,casa_propria
328,38,196531.75,235,3,44393.7,educacao
329,75,811757.78,313,1,17391.04,educacao
330,20,286587.46,133,1,35759.15,casa_propria
331,46,377267.42,180,5,46532.34,viagem
332,36,357077.75,246,2,36081.58,educacao
333,63,184911.83,340,3,15116.06,educacao
334,48,431241.47,32,5,37675.73,aposentadoria
335,68,399986.35,354,4,3276.65,viagem
336,70,70914.81,57,3,32486.96,viagem
337,57,927342.19,143,3,26555.01,aposentadoria
338,25,969880.33,178,1,8947.34,reserva_emergencia
339,28,266112.03,36,5,43470.21,viagem
340,55,538985.67,53,3,45222.74,reserva_emergencia
341,70,160908.25,345,3,20585.4,aposentadoria
342,50,674295.57,309,1,5390.78,casa_propria
343,66,640019.46,252,5,10927.45,viagem
344,29,159945.59,169,1,23936.72,educacao
345,54,837650.47,319,1,5893.91,viagem
346,71,826643.53,164,5,43499.57,educacao
347,61,221960.31,127,1,44590.48,viagem
348,47,942678.02,231,1,33558.7,educacao
349,39,15620.82,80,4,26951.83,reserva_emergencia
350,20,902234.59,125,1,17703.77,viagem
351,61,386344.41,94,3,40844.53,viagem
352,29,970674.54,7,4,27856.88,casa_propria
353,24,561224.36,159,4,4949.0,aposentadoria
354,33,997505.71,222,2,15011.24,viagem
355,34,54737.23,98,4,33281.94,viagem
356,30,194033.95,304,1,37470.61,reserva_emergencia
357,74,845022.96,28,1,10584.26,educacao
358,47,221772.29,50,5,6652.87,casa_propria
359,67,619829.53,27,5,12683.54,casa_propria
360,55,785510.29,260,1,23848.01,casa_propria
361,51,283877.85,174,2,11702.36,educacao
362,38,19410.7,266,2,28842.56,aposentadoria
363,46,831758.56,331,2,37939.71,aposentadoria
364,64,88791.0,356,4,41015.12,viagem
365,47,36101.84,273,5,35045.81,educacao
366,68,35047.94,285,4,30897.67,viagem
367,32,824781.89,162,4,17359.74,reserva_emergencia
368,26,336619.54,289,3,8791.32,aposentadoria
369,30,264471.92,43,1,45983.58,casa_propria
370,65,354137.34,279,2,25434.85,educacao
371,71,556365.81,191,4,11965.72,educacao
372,42,819789.67,103,3,45388.79,reserva_emergencia
373,24,141178.5,270,5,9956.76,aposentadoria
374,59,968374.22,66,2,15634.22,aposentadoria
375,62,717899.96,223,5,24356.61,reserva_emergencia
376,58,13084.86,90,5,15009.3,casa_propria
377,54,880885.48,179,4,26863.31,casa_propria
378,27,171078.68,168,2,7761.24,viagem
379,28,668779.3,341,2,10606.48,educacao
380,36,536439.23,302,1,21708.33,educacao
381,47,593880.82,304,3,31703.45,educacao
382,71,690382.62,335,5,20989.99,viagem
383,57,917186.65,209,3,42329.15,reserva_emergencia
384,37,678059.2,123,1,45546.37,viagem
385,68,664513.66,316,4,11986.06,educacao
386,43,567493.72,99,2,38135.95,viagem
387,63,637378.48,2,3,31348.81,educacao
388,72,71836.41,305,5,49030.81,educacao
389,40,125212.88,159,3,8851.01,educacao
390,20,996659.09,252,3,10547.75,viagem
391,22,131305.98,355,1,40709.22,aposentadoria
392,45,857773.2,356,4,33860.62,educacao
393,23,829242.68,241,5,45226.45,casa_propria
394,71,632230.75,194,3,33807.86,educacao
395,64,635810.95,359,2,13450.92,educacao
396,61,760575.53,270,5,46457.65,reserva_emergencia
397,33,147683.74,317,3,35864.13,educacao
398,33,121945.95,289,3,5524.18,casa_propria
399,33,263303.84,147,5,29254.91,casa_propria
400,43,953683.65,312,1,41004.22,aposentadoria
401,45,381434.14,224,1,24533.69,educacao
402,65,188537.14,188,5,24703.38,viagem
403,39,908305.62,156,1,9295.46,reserva_emergencia
404,35,332898.49,194,2,14028.47,casa_propria
405,61,163176.42,173,4,24623.6,viagem
406,51,797668.48,234,3,15315.7,casa_propria
407,66,651276.28,283,3,14594.45,educacao
408,58,160552.75,331,5,30060.97,aposentadoria
409,33,824815.25,49,1,36501.33,educacao
410,39,242305.57,123,5,23438.18,aposentadoria
411,74,139291.47,270,1,10698.1,aposentadoria
412,74,676969.9,221,5,40547.85,aposentadoria
413,29,161863.67,266,2,15878.48,casa_propria
414,32,846783.46,134,5,24308.38,casa_propria
415,63,877463.75,198,2,44009.1,aposentadoria
416,65,59638.5,251,3,3476.33,aposentadoria
417,72,894311.67,127,1,12436.69,educacao
418,24,152987.38,130,1,28598.08,reserva_emergencia
419,36,888666.99,165,4,26740.9,educacao
420,74,117941.39,301,2,21897.28,aposentadoria
421,66,978815.05,233,5,3592.1,casa_propria
422,21,777816.21,158,2,41401.93,aposentadoria
423,75,828560.9,282,4,45741.83,reserva_emergencia
424,27,903721.63,148,4,8728.26,educacao
425,27,573442.65,272,1,44227.26,reserva_emergencia
426,52,946853.03,56,5,16280.47,aposentadoria
427,75,925495.02,74,2,3598.91,casa_propria
428,31,149846.75,333,2,18953.29,casa_propria
429,43,912442.0,329,4,49973.48,casa_propria
430,73,286252.2,228,5,39600.73,viagem
431,21,882439.01,157,3,32886.7,viagem
432,42,239793.25,31,5,27747.18,viagem
433,20,860790.33,285,1,47222.2,viagem
434,37,991801.78,92,5,8061.8,reserva_emergencia
435,72,194199.61,68,1,8851.03,viagem
436,27,978933.59,42,3,5230.17,casa_propria
437,62,909789.39,2,3,8882.78,educacao
438,20,743307.98,185,3,11334.44,viagem
439,28,562022.78,318,2,9748.68,educacao
440,74,110879.63,345,4,35601.66,aposentadoria
441,63,773148.4,11,1,30110.9,aposentadoria
442,35,218866.52,28,4,48576.62,casa_propria
443,69,760449.01,255,2,47242.9,educacao
444,48,407755.09,264,4,34231.91,casa_propria
445,58,461806.95,83,4,24346.29,reserva_emergencia
446,71,180249.96,311,5,5307.06,reserva_emergencia
447,42,970277.06,49,5,5499.56,casa_propria
448,62,453330.87,280,4,35008.56,casa_propria
449,46,945859.55,295,4,38727.63,reserva_emergencia
450,72,761036.12,165,1,47516.92,viagem
451,73,539058.83,287,2,20869.02,reserva_emergencia
452,47,584342.99,309,2,12193.83,reserva_emergencia
453,25,130144.19,351,2,27438.41,viagem
454,27,976196.6,344,2,5555.15,reserva_emergencia
455,59,785181.12,180,2,34365.09,aposentadoria
456,22,184778.77,342,1,40419.04,viagem
457,21,430326.64,25,3,2177.81,reserva_emergencia
458,29,302372.26,271,3,40169.62,viagem
459,52,244843.39,168,1,23133.47,educacao
460,68,755535.93,46,3,2116.56,viagem
461,49,146273.24,48,2,8325.88,viagem
462,42,594534.92,271,2,45133.73,casa_propria
463,46,860585.56,3,2,2475.35,casa_propria
464,23,507836.55,129,5,23300.66,casa_propria
465,29,488329.13,253,1,27232.74,reserva_emergencia
466,36,354938.24,126,5,24544.07,viagem
467,26,260943.32,250,3,32768.7,aposentadoria
468,60,912815.71,300,4,11420.88,aposentadoria
469,51,105551.26,291,4,26969.58,viagem
470,60,59110.93,157,3,45477.29,educacao
471,69,259683.96,214,5,15340.63,educacao
472,50,636712.9,237,2,44920.41,educacao
473,67,236266.97,36,2,20269.63,reserva_emergencia
474,55,223502.8,355,3,40482.45,educacao
475,43,506270.1,322,4,37368.64,casa_propria
476,53,41357.05,123,2,16430.99,aposentadoria
477,70,442089.31,348,1,28267.8,educacao
478,29,296987.83,49,1,30126.64,aposentadoria
479,41,298302.49,74,5,49472.98,reserva_emergencia
480,40,750939.49,72,5,37191.72,aposentadoria
481,23,674582.61,245,4,28857.26,educacao
482,35,892824.49,163,5,18985.26,viagem
483,58,162258.16,76,2,32581.09,casa_propria
484,44,527873.45,351,2,7530.21,educacao
485,48,597254.56,182,4,20375.75,educacao
486,74,508846.37,190,5,3340.39,viagem
487,75,4314.16,224,2,43861.16,viagem
488,34,411969.33,281,3,29856.11,viagem
489,26,907141.64,130,3,41325.16,casa_propria
490,54,520714.71,348,2,38290.96,aposentadoria
491,62,902356.24,322,5,41954.56,casa_propria
492,31,571132.13,118,5,15326.35,viagem
493,49,896253.37,204,5,35358.42,viagem
494,25,646621.77,305,2,28221.78,educacao
495,72,118410.67,266,4,11092.34,educacao
496,69,698015.51,18,5,47102.7,viagem
497,58,932001.49,332,4,41910.24,aposentadoria
498,40,929630.92,311,1,46086.21,aposentadoria
499,66,111295.79,156,1,26163.74,educacao
500,66,116981.64,33,5,41580.3,aposentadoria
501,45,232740.01,251,4,44101.36,casa_propria
502,42,276004.13,11,1,29206.68,reserva_emergencia
503,30,8759.42,359,1,48194.71,reserva_emergencia
504,44,244142.19,156,1,22482.56,educacao
505,56,134465.1,120,3,24832.32,aposentadoria
506,23,86168.57,82,2,42967.29,viagem
507,53,676209.84,242,4,11288.25,educacao
508,64,684280.69,12,1,42912.38,casa_propria
509,44,238164.4,28,4,43120.42,casa_propria
510,49,761747.89,213,1,17728.22,viagem
511,73,940897.94,243,1,41875.26,casa_propria
512,50,338837.16,293,1,34334.73,reserva_emergencia
513,47,255193.31,144,1,38670.15,educacao
514,43,541261.02,292,1,19715.58,viagem
515,66,411656.24,199,1,18236.26,viagem
516,29,89132.26,358,5,36330.23,educacao
517,21,666225.1,313,3,37034.08,casa_propria
518,34,76199.99,262,3,28743.36,reserva_emergencia
519,57,613837.19,219,4,32154.13,viagem
520,40,226569.88,160,4,5687.63,casa_propria
521,34,45897.43,189,3,33589.66,educacao
522,49,608208.17,332,4,6895.08,aposentadoria
523,31,192826.4,12,4,22647.79,casa_propria
524,48,820549.86,270,2,45757.49,reserva_emergencia
525,36,640556.22,346,4,48916.94,reserva_emergencia
526,51,578100.81,2,2,2713.13,educacao
527,33,115972.77,313,1,36889.29,aposentadoria
528,27,830220.12,195,1,37068.76,educacao
529,50,837125.6,264,3,36703.85,casa_propria
530,65,135541.82,164,2,40867.13,aposentadoria
531,68,491705.45,282,5,9623.49,reserva_emergencia
532,73,966955.29,63,1,19428.44,viagem
533,35,110894.11,152,5,17835.79,reserva_emergencia
534,49,141162.75,3,5,39067.79,educacao
535,26,409827.66,40,3,7809.95,viagem
536,67,679426.69,90,1,21311.06,educacao
537,29,415703.84,113,5,32981.0,casa_propria
538,36,593900.08,184,5,30927.66,reserva_emergencia
539,41,315393.33,7,4,48930.17,educacao
540,71,252883.56,117,3,16095.55,reserva_emergencia
541,74,404996.48,102,1,28117.82,viagem
542,40,606193.18,307,5,22511.82,casa_propria
543,65,452902.77,67,1,40582.54,reserva_emergencia
544,28,692509.2,68,3,46175.57,reserva_emergencia
545,22,628970.23,124,3,28864.83,viagem
546,40,539239.04,52,3,42122.26,aposentadoria
547,69,261684.38,251,4,44792.39,reserva_emergencia
548,63,133026.83,217,1,11037.54,reserva_emergencia
549,63,205566.08,32,5,48970.74,aposentadoria
550,51,538048.11,238,3,41869.76,viagem
551,69,976985.84,148,5,8571.44,viagem
552,40,950180.26,251,5,15928.87,aposentadoria
553,26,666275.6,132,4,22432.05,educacao
554,41,501076.38,338,5,19402.88,viagem
555,50,468171.52,118,1,4230.95,reserva_emergencia
556,41,406197.43,244,1,20562.91,reserva_emergencia
557,34,649051.63,291,5,16640.06,viagem
558,42,156013.8,103,2,12291.48,casa_propria
559,39,282056.22,287,4,5057.49,casa_propria
560,53,586463.76,174,4,24504.79,aposentadoria
561,34,905725.09,217,1,48757.9,casa_propria
562,56,878588.96,326,1,22299.47,casa_propria
563,35,718185.64,237,5,27342.13,aposentadoria
564,39,341210.83,219,2,2465.06,educacao
565,21,319132.71,343,3,25193.22,casa_propria
566,58,710369.69,328,5,47580.18,casa_propria
567,71,442027.59,5,5,29589.79,educacao
568,61,676075.37,93,3,29192.42,aposentadoria
569,63,140278.58,214,1,43527.51,reserva_emergencia
570,71,563437.43,250,3,22740.53,aposentadoria
571,43,188842.31,229,3,38415.3,reserva_emergencia
572,42,76886.95,298,1,29363.36,reserva_emergencia
573,57,894473.38,6,5,30981.42,viagem
574,37,644300.2,276,2,7870.84,reserva_emergencia
575,56,95346.31,164,2,10091.08,reserva_emergencia
576,29,623053.23,144,1,42738.09,casa_propria
577,42,696379.66,21,4,34293.07,aposentadoria
578,73,31784.15,124,4,41822.72,viagem
579,57,565812.36,92,3,49129.7,reserva_emergencia
580,37,481346.19,86,1,36984.39,viagem
581,28,386864.35,330,3,27729.96,viagem
582,32,759777.83,215,4,36546.57,aposentadoria
583,65,853974.59,176,4,43514.72,reserva_emergencia
584,52,106107.39,92,3,10038.72,reserva_emergencia
585,47,37248.79,237,4,4880.77,aposentadoria
586,35,436054.68,76,3,28687.44,reserva_emergencia
587,28,760155.07,348,4,12783.85,educacao
588,68,328590.55,167,2,14858.75,aposentadoria
589,31,344761.62,2,4,19189.66,viagem
590,73,16698.61,249,5,27162.58,aposentadoria
591,70,842596.94,359,4,30460.16,educacao
592,61,117228.34,154,3,15749.95,viagem
593,40,397397.14,313,4,48250.07,reserva_emergencia
594,29,455420.52,211,3,43322.71,viagem
595,20,951925.16,80,5,9044.98,aposentadoria
596,20,46015.59,69,1,27357.55,aposentadoria
597,64,658051.12,68,3,37894.73,educacao
598,61,358343.56,331,4,29373.54,casa_propria
599,23,804734.08,158,4,31204.22,casa_propria
600,58,516767.93,67,4,8424.75,viagem
601,42,394981.03,199,3,23933.99,casa_propria
602,75,439702.24,245,5,20096.36,reserva_emergencia
603,32,22993.61,140,3,33266.84,educacao
604,46,588956.14,266,2,41566.39,viagem
605,22,32545.07,300,5,26732.33,casa_propria
606,65,730451.22,60,3,42267.85,educacao
607,27,727402.56,95,4,46863.99,casa_propria
608,31,265531.17,260,4,38009.68,casa_propria
609,62,973082.84,51,3,35402.36,aposentadoria
610,27,145524.93,70,1,3876.41,reserva_emergencia
611,54,110327.55,191,5,9563.23,viagem
612,62,774533.71,24,2,2847.59,viagem
613,59,272479.49,342,4,39467.5,casa_propria
614,72,699234.25,122,5,47111.07,viagem
615,27,748128.8,166,2,5898.99,viagem
616,47,620029.6,146,1,15488.99,educacao
617,62,550657.34,250,2,22121.34,educacao
618,36,320314.33,88,5,9249.12,casa_propria
619,37,762889.84,22,2,7742.74,reserva_emergencia
620,30,360594.1,201,5,13452.26,aposentadoria
621,48,670092.39,324,4,31820.44,aposentadoria
622,27,379082.9,162,4,49699.08,aposentadoria
623,49,510962.31,88,1,47347.81,viagem
624,34,586850.89,340,2,22808.17,reserva_emergencia
625,45,407626.09,197,2,45669.4,casa_propria
626,63,759295.35,44,1,15596.78,casa_propria
627,42,360555.21,15,2,42404.71,educacao
628,21,803257.33,102,4,25268.73,casa_propria
629,58,4798.53,332,3,49596.75,casa_propria
630,34,53311.95,349,4,14256.3,casa_propria
631,39,805282.49,171,1,13382.29,casa_propria
632,23,653785.41,268,2,4746.07,educacao
633,26,209663.07,65,2,46987.75,educacao
634,54,292606.06,235,4,16093.05,casa_propria
635,70,95391.31,84,1,3118.86,casa_propria
636,35,935608.5,162,2,45054.8,viagem
637,40,390579.08,169,5,14832.04,aposentadoria
638,72,278225.44,94,4,14302.96,aposentadoria
639,56,762863.35,10,5,24885.9,viagem
640,38,372551.77,287,1,8369.11,educacao
641,43,657214.57,210,4,24213.59,educacao
642,74,101098.91,352,2,17028.0,educacao
643,25,445483.74,170,2,26244.77,aposentadoria
644,41,276339.79,117,3,22348.25,casa_propria
645,29,904477.94,103,3,34643.54,educacao
646,64,284655.79,328,1,31548.46,aposentadoria
647,61,45507.09,213,4,18113.71,casa_propria
648,51,50290.4,338,5,18146.47,educacao
649,72,84872.19,215,3,36740.84,viagem
650,61,726146.18,323,1,28400.89,aposentadoria
651,74,929897.83,230,3,29009.92,reserva_emergencia
652,69,852946.69,347,1,32548.28,casa_propria
653,37,478749.48,222,5,6676.34,educacao
654,20,133353.53,324,3,17247.08,viagem
655,43,748960.22,147,5,15175.67,aposentadoria
656,48,406104.7,274,3,12535.34,casa_propria
657,24,205289.53,112,2,31407.36,viagem
658,53,382819.17,246,1,12152.39,casa_propria
659,67,28692.57,334,4,24286.87,reserva_emergencia
660,43,682476.98,65,4,40933.7,viagem
661,72,983114.89,288,2,44667.28,reserva_emergencia
662,67,369079.44,257,4,49657.94,casa_propria
663,72,387062.23,54,3,20274.5,reserva_emergencia
664,25,956369.21,170,4,16867.33,casa_propria
665,21,141150.77,125,2,32175.99,casa_propria
666,47,747392.39,252,5,6740.56,reserva_emergencia
667,69,742132.99,28,1,9412.15,casa_propria
668,63,270201.66,155,5,17728.9,aposentadoria
669,25,422564.59,156,2,44827.34,reserva_emergencia
670,61,957963.05,160,4,26387.62,educacao
671,73,996230.32,260,1,29678.61,casa_propria
672,46,51300.12,204,5,24317.6,aposentadoria
673,58,186370.57,74,2,2666.92,reserva_emergencia
674,64,425659.52,276,4,32114.37,aposentadoria
675,72,310397.79,331,4,5136.36,casa_propria
676,40,92640.96,145,2,29072.62,viagem
677,29,662807.77,299,4,6776.92,casa_propria
678,26,701724.61,147,3,21091.86,aposentadoria
679,30,82405.57,77,4,12528.09,casa_propria
680,69,547428.39,41,1,36360.59,aposentadoria
681,37,356822.01,225,3,13513.43,viagem
682,47,889334.9,174,1,46126.85,aposentadoria
683,30,298401.3,280,2,28649.93,aposentadoria
684,50,110304.05,76,2,31520.04,casa_propria
685,26,505296.13,333,2,36482.73,casa_propria
686,71,178571.95,31,1,17930.62,aposentadoria
687,74,240884.68,120,3,23414.81,reserva_emergencia
688,36,666404.06,273,2,10706.52,aposentadoria
689,22,483314.97,242,4,27878.48,aposentadoria
690,34,409268.01,54,1,25103.45,educacao
691,63,723465.12,329,3,5237.56,reserva_emergencia
692,25,836283.88,79,2,47946.3,reserva_emergencia
693,74,362340.94,198,1,44681.31,casa_propria
694,73,749701.86,34,3,26940.43,viagem
695,32,518651.77,70,4,35136.4,casa_propria
696,25,122013.07,14,4,29393.2,educacao
697,50,354733.65,6,4,18202.64,educacao
698,74,929831.64,251,4,32193.73,aposentadoria
699,42,538748.67,348,1,26054.74,aposentadoria
700,33,855678.21,59,1,7553.01,reserva_emergencia
701,39,322271.62,107,1,31076.77,casa_propria
702,58,272321.95,200,5,7044.63,educacao
703,63,157912.8,117,1,14656.44,reserva_emergencia
704,38,974938.84,203,3,24914.42,aposentadoria
705,39,974272.05,136,5,12697.06,educacao
706,40,901708.28,222,1,3620.47,viagem
707,35,968066.67,219,1,45989.83,reserva_emergencia
708,33,250263.62,25,2,31379.76,casa_propria
709,42,338273.54,60,3,4887.3,reserva_emergencia
710,25,325260.83,15,1,24912.59,reserva_emergencia
711,67,279372.21,225,2,36152.05,aposentadoria
712,46,544250.78,96,2,38224.03,casa_propria
713,74,988925.67,4,2,7540.08,viagem
714,61,397318.46,43,3,16587.15,aposentadoria
715,59,270703.94,187,4,43687.39,educacao
716,71,846748.75,289,5,12307.95,reserva_emergencia
717,49,736392.04,286,2,17073.74,viagem
718,22,688357.36,153,5,6742.84,aposentadoria
719,41,257461.03,130,2,18323.88,reserva_emergencia
720,26,526203.17,48,3,9585.69,reserva_emergencia
721,55,239925.29,306,1,45406.84,casa_propria
722,57,700216.43,122,1,45186.32,reserva_emergencia
723,37,169202.99,57,4,13443.96,educacao
724,41,886826.46,92,3,37031.77,aposentadoria
725,29,221063.98,280,2,10898.96,viagem
726,32,548265.55,103,3,11961.97,reserva_emergencia
727,33,547438.5,147,3,17649.7,reserva_emergencia
728,30,427353.12,143,4,26978.94,reserva_emergencia
729,34,826883.02,315,4,41836.82,casa_propria
730,42,644758.88,158,1,4714.59,educacao
731,72,456529.63,59,3,45153.89,educacao
732,69,801348.69,322,5,40102.27,aposentadoria
733,24,676689.0,315,5,18312.94,viagem
734,71,515054.66,34,5,38296.46,aposentadoria
735,70,925780.46,185,2,4791.52,casa_propria
736,28,690343.7,264,4,36400.09,reserva_emergencia
737,67,420767.69,73,5,13150.46,viagem
738,24,150291.85,176,4,17680.35,educacao
739,45,344075.98,163,2,16136.78,educacao
740,39,835058.72,348,2,20773.44,educacao
741,41,782887.93,234,2,24908.59,educacao
742,53,394056.23,192,3,29909.98,casa_propria
743,60,148132.57,248,3,6175.35,reserva_emergencia
744,22,17320.73,165,1,48872.54,casa_propria
745,40,479461.11,212,1,9897.85,educacao
746,23,911832.43,354,3,49828.17,aposentadoria
747,69,477347.86,320,3,48016.19,reserva_emergencia
748,25,254764.46,47,1,20826.74,educacao
749,27,249118.17,121,4,41891.88,educacao
750,46,752352.79,198,2,17298.55,viagem
751,21,792695.15,112,3,38952.71,educacao
752,62,544234.09,273,1,11397.62,reserva_emergencia
753,43,662606.12,38,5,5399.63,reserva_emergencia
754,63,429515.54,269,5,32437.83,casa_propria
755,60,894209.76,3,2,36629.52,reserva_emergencia
756,43,422311.25,46,5,47908.77,casa_propria
757,29,200818.95,52,2,41709.85,aposentadoria
758,70,700903.73,188,3,36987.24,educacao
759,39,960091.65,44,4,40408.08,viagem
760,46,261198.53,264,4,23328.67,educacao
761,31,7950.0,111,5,17571.18,viagem
762,23,47071.05,303,2,9958.04,reserva_emergencia
763,24,358078.48,107,3,34844.18,educacao
764,39,569854.18,248,2,28114.18,casa_propria
765,57,238771.15,191,2,32339.69,viagem
766,23,613189.03,10,3,39770.09,casa_propria
767,38,4720.76,92,3,45858.07,aposentadoria
768,45,932371.02,231,4,13989.91,casa_propria
769,23,779479.49,267,4,14653.68,reserva_emergencia
770,47,569219.13,273,2,2435.97,educacao
771,26,363767.37,208,2,19805.54,aposentadoria
772,60,665537.04,113,5,6709.44,reserva_emergencia
773,20,834228.87,231,3,48255.2,casa_propria
774,71,970852.72,312,5,24376.11,educacao
775,31,875600.56,319,4,15598.07,casa_propria
776,44,275565.01,48,4,28604.17,casa_propria
777,57,570481.47,1,1,42385.84,reserva_emergencia
778,49,640284.72,186,3,19917.3,aposentadoria
779,57,119407.25,77,4,31754.11,viagem
780,67,488325.99,241,5,34239.92,viagem
781,46,916173.37,4,1,37810.17,reserva_emergencia
782,60,87419.25,261,1,34671.49,casa_propria
783,37,764678.71,90,3,27255.34,educacao
784,67,472956.75,117,4,39059.52,reserva_emergencia
785,21,197623.12,116,1,22958.86,casa_propria
786,60,498782.33,240,1,17409.29,educacao
787,32,741918.71,256,2,27360.2,viagem
788,53,782567.28,102,1,34634.89,reserva_emergencia
789,33,387093.35,69,3,19581.84,viagem
790,68,891870.31,211,2,22659.23,viagem
791,57,59218.25,162,3,33341.55,educacao
792,28,648180.45,251,5,13780.14,viagem
793,66,840028.9,125,5,11059.25,educacao
794,56,130650.17,17,3,18015.82,aposentadoria
795,57,161899.7,201,3,48041.76,aposentadoria
796,47,179466.82,196,1,21153.99,educacao
797,54,291252.24,244,2,46379.03,educacao
798,68,782338.97,308,4,17160.39,viagem
799,28,384453.34,338,2,18045.03,reserva_emergencia
800,60,325287.66,338,4,12777.84,casa_propria
